{"cameraMode":{"drawMode":0,"name":"Shaded","section":"Shading Mode"},"sceneLighting":true,"audioPlay":false,"sceneViewState":{"showFog":false,"showMaterialUpdate":false,"showSkybox":false,"showFlares":false,"showImageEffects":false,"showParticleSystems":false},"in2DMode":false,"pivot":{"x":-2.0286343097686769,"y":-6.227124214172363,"z":-0.8021013736724854},"rotation":{"x":-0.17894907295703889,"y":0.7512325644493103,"z":-0.22647801041603089,"w":-0.5935782194137573},"size":26.000635147094728,"orthographic":false}